<?xml version="1.0" encoding="UTF-8" ?>
<!DOCTYPE log4j:configuration SYSTEM "log4j.dtd">

<log4j:configuration xmlns:log4j="http://jakarta.apache.org/log4j/">

	<!-- Console output -->
	<appender name="console" class="org.apache.log4j.ConsoleAppender"> 
		<param name="Target" value="System.out"/>
		<param name="Threshold" value="INFO"/>
		<layout class="org.apache.log4j.PatternLayout"> 
			<param name="ConversionPattern" value="%d %-5p [%c] %m%n"/> 
		</layout> 
	</appender> 

	<!-- File output -->
	<appender name="full" class="org.apache.log4j.RollingFileAppender">
		<param name="File" value="ctb.log"/>
		<param name="append" value="false" />
		<param name="encoding" value="UTF-8" />
		<!--param name="MaxFileSize" value="32MB"/-->
		<!--param name="MaxBackupIndex" value="1"/-->
		<layout class="org.apache.log4j.PatternLayout">
			<param name="ConversionPattern" value="%d %-5p [%c] %m%n"/>
		</layout>
	</appender>

	<!-- Make sure we get all to info when running tests. -->
	<category name="org.ejbca.ui.cli.TestOcspMonitoringTool">
		<priority value="TRACE"/>
	</category>

	<!-- Limit Hibernate's output to INFO and log-file only -->
	<category name="org.hibernate">
		<priority value="INFO"/>
	</category>

    <!-- Avoid that these chatty classes' output appear in the console -->
    <category name="org.ejbca.config.EjbcaConfigurationHolder" additivity="false">
        <priority value="DEBUG"/>
        <appender-ref ref="full"/>
    </category>
    <category name="org.cesecore.config.ConfigurationHolder" additivity="false">
        <priority value="DEBUG"/>
        <appender-ref ref="full"/>
    </category>

	<root> 
		<!-- Set basic limit for console -->
		<priority value="DEBUG" /> 
		<appender-ref ref="console"/>
		<appender-ref ref="full"/>
	</root> 

</log4j:configuration>
